Mon Jul 13 11:35:36 CEST 2020;Are you acquainted/interested in bitcoin then @METRICXP2P is where to be.You get 100% return on all plansYou also get 5% referral bonus and many more We are launching soon!!For more highlights, please do not hesitate to ask Facebook page; https://m.facebook.com/metricxp2p/?ref
Mon Jul 13 11:35:32 CEST 2020;Shit happens. But had great fun in those years! I slowly pulled myself out a few years ago when I went deeper into Bitcoin and everything that comes with it...And quite the funny coincidence you and I have a remote connection lol
Mon Jul 13 11:35:32 CEST 2020;Only a matter of time before the dumb alt money is sucked into Bitcoin.
Mon Jul 13 11:35:27 CEST 2020;Enter to win this competition: $20 GiftCard, Paypal or Bitcoin! https://sweepwidget.com/view/19921-ganfxo57 â€¦
Mon Jul 13 11:35:27 CEST 2020;The Hardware Bitcoin Wallet. Get Trezor now for only 89 EUR https://buytrezor.com?a=coinokbuytrezor.com/?a=coinok #btc #bitcoin 05 pic.twitter.com/aSiVZQ5vbT
Mon Jul 13 11:35:23 CEST 2020;Here's my referral link for Coinbase. Get $10 in free Bitcoin when you buy or sell $100 or more: http://coinbase.com/join/matloc_8eg?src=ios-share â€¦
Mon Jul 13 11:35:20 CEST 2020;The design outlines a lightweight client that does not need the full block chain. In the design PDF it's called Simplified Payment Verification. The lightweight client can send and receive transactions, it just can't generate blocks #Bitcoin pic.twitter.com/I9ZSXEoEYl
Mon Jul 13 11:35:19 CEST 2020;Becoming A Bitcoin Millionaire And Joining Over 13000 â€œMillionaireâ€ Addresses https://www.coininsider.com/becoming-a-bitcoin-millionaire-and-joining-over-13000-millionaire-addresses/ â€¦
Mon Jul 13 11:35:19 CEST 2020;Tg: dianeclaire14#Bitcoin
Mon Jul 13 11:35:11 CEST 2020;Brand New System Reveals A Secret Money Code Which You CanLeverage Immediately To Start Getting Paid Daily Passive ETH PaymentsOf 0.05 To 51.2 ETHStart Here https://forsage.io/i/la35i6/ Warning : The Income Potential of this system can blow your minds off...#bitcoin . pic.twitter.com/NfWyN5r0ot
Mon Jul 13 11:34:56 CEST 2020;You've been hearing of bitcoin investment? You see people earn huge weekly, and would like to give it a try?Join our platform now "premium option" It's Free! start earning up to $1,500 to $2,000 weekly investing on platform.DM or WhatsApp me: +1(484)2023145
Mon Jul 13 11:34:54 CEST 2020;I warned ya!$LSK #LSK #LISK #BTC #Bitcoin #cryptotrading #cryptocurrencies #cryptopic.twitter.com/OzP34qQH6m
Mon Jul 13 11:34:49 CEST 2020;Gold Maximalists: â€œBitcoin is totally insane and will eventually collapse!â€Bitcoin Maximalists: â€œEthereum is totally insane and will eventually collapseâ€Collateralized Stablecoin Users: Fin/ DYOR. This cycle of AMPL is totally insane and will eventually collapse.
Mon Jul 13 11:34:46 CEST 2020;Get Free #Bitcoin to Learn about Bitcoin https://www.earnbitcoin.io/?r=77232 #getbitcoin #freebitcoin #satsback
Mon Jul 13 11:34:41 CEST 2020;Are you acquainted/interested in bitcoin then @METRICXP2P is where to be.You get 100% return on all plansYou also get 5% referral bonus and many more We are launching soon!!For more highlights, please do not hesitate to ask Facebook page; https://m.facebook.com/metricxp2p/?ref
Mon Jul 13 11:34:34 CEST 2020;#Bitcoin mining currently utilises the energy of c. 25 million lightning bolts annually! Just how #sustainable is that in the longer term? #cryptocurrency #cryptohttps://lnkd.in/dXQ2SUU
Mon Jul 13 11:34:30 CEST 2020;bitcoin ... pic.twitter.com/r85vvySLd1
Mon Jul 13 11:34:27 CEST 2020;Buy bitcoin with Brian my own platform rose
Mon Jul 13 11:34:27 CEST 2020;Fidelity holds over 10% stake in bitcoin mining firm Hut 8 https://www.theblockcrypto.com/post/71342/fidelity-holds-over-10-stake-in-bitcoin-mining-firm-hut-8 â€¦
Mon Jul 13 11:34:21 CEST 2020;"Crowd performance is generallymore consistent than that of individuals"http://web.stanford.edu/~csimoiu/doc/wisdom-of-crowds.pdf â€¦#blockchain #btc #bitcoin #cryptocurrency #brain #behavior #mondaythoughts #MondayMotivaton #BrainFunction #MoneyHeist #Stanford #Rich #economy #money #crowdfunding
Mon Jul 13 14:15:18 CEST 2020;Get Free #Bitcoin at http://EarnBitcoin.io https://www.earnbitcoin.io/?r=232 #cryptocurrency #freebitcoin #cryptocurrencies
Mon Jul 13 14:15:18 CEST 2020;I recommend this report from Bloomberg about Bitcoin's Maturation Leap.https://www.google.com/url?sa=t&source=web&rct=j&url=https://data.bloomberglp.com/professional/sites/10/Bloomberg-Crypto-Outlook-April-2020.pdf&ved=2ahUKEwimr5-DmsrqAhXbbn0KHeZtB3YQFjAAegQIAhAB&usg=AOvVaw0ZcL-vQESPmt3qpgntgZku â€¦
Mon Jul 13 14:15:16 CEST 2020;Half hourly price update (USDT):â€¢ BSV (Bitcoin): $184.74Dead forks:â€¢ BTC (Blockstream Turd Coin): $9297.00â€¢ BCH (BTrash): $236.19
Mon Jul 13 14:15:15 CEST 2020;4-Figure BTC Screams â€˜Buyâ€™ as Bitcoin Price Falls Under $10,000 https://www.ccn.com/4-figure-btc-screams-buy-as-bitcoin-price-falls-under-10000/ â€¦
Mon Jul 13 14:15:14 CEST 2020;Free #Bitcoin instantly. I have recover all my scammed coins https://ift.tt/2ssZVYT pic.twitter.com/MBAOS3dUij
Mon Jul 13 14:15:10 CEST 2020;Â« French Crypto Wallet Ledger Is Solving Bitcoin's Biggest Flaw Â» as featured in Forbes > https://ift.tt/2DQoG7W pic.twitter.com/Rsn0mwvHwE
Mon Jul 13 14:15:09 CEST 2020;#Bitcoin â–“â–“â–“â–“â–“â–“â–“â–‘â–‘â–‘â–‘â–‘â–‘â–‘â–‘ 47% price: $9293.565
Mon Jul 13 14:15:07 CEST 2020;Just register with Portis or MetaMask wallet and watch videos on Captain Bitcoin. You will get some CAPT tokens for that https://ift.tt/2BURdfF #BTC #ETH #alt #altcoin #token #Airdrop #referral July 13, 2020 at 02:15PM
Mon Jul 13 14:15:07 CEST 2020;First Mover: Twelve-Fold Gains for Aaveâ€™s LEND Token Might Be More Than DeFi Hype http://twib.in/l/948zng9e65kE via @coindesk #cryptocurrency #Bitcoin pic.twitter.com/Zm01Hw5qUh
Mon Jul 13 14:15:03 CEST 2020;$BTC fractal update #bitcoin pic.twitter.com/CHh20BeooD
Mon Jul 13 14:15:03 CEST 2020;The ultimate reason people immigrate to America is because of the dollar.Their countries of origin suffer to one degree or another from inequalities caused by the dollar and the Cantillon effects in the US make immigrating economically rational.#Bitcoin can change this.
Mon Jul 13 14:15:02 CEST 2020;The current price of Bitcoin is $9285.10000000.The current price of BCash is $236.22000000, or 0.02544076 BTC.The current price of BCashSV is $184.40000000, or 0.78062823 BCash.
Mon Jul 13 14:14:48 CEST 2020;A bit more seriously, I had $0.05 worth of bitcoin in 2013 or so. Why I didn't bought more???
Mon Jul 13 14:14:44 CEST 2020;Fidelity holds over 10% stake in bitcoin mining firm Hut 8 https://www.theblockcrypto.com/amp/post/71342/fidelity-holds-over-10-stake-in-bitcoin-mining-firm-hut-8 â€¦
Mon Jul 13 14:14:41 CEST 2020;Iâ€™m sure the prices will drop. Things wonâ€™t really moon until bitcoin blast off. Iâ€™m just enjoying this moment of some price action but not to excited. It wonâ€™t last long. We need another 2017 from Bitcoin. I will say this tho, screw #xrp !!
Mon Jul 13 14:14:36 CEST 2020;Mon Jul 13 14:14:04 2020 (0:24)USD : 9299.73Wght: 0.46Blk#: 639075Size: 1227.4 KBTXs: 2698Pool: 25177 (16.3 MB)#bitcoin
Mon Jul 13 14:14:19 CEST 2020;Nice app, not that it matters most but I think itâ€™s fairly common knowledge that Satoshi owns way less than 1 mil bitcoin though
Mon Jul 13 14:14:19 CEST 2020;Fidelity Takes Over 10% in Bitcoin Mining Company Hut 8 https://thebitcoinstreetjournal.com/fidelity-takes-over-10-in-bitcoin-mining-company-hut-8/ â€¦ #bitcoin pic.twitter.com/TaXeHLf13k
Mon Jul 13 14:14:17 CEST 2020;Next bitcoin rally will 'set hair on fire' - Asia Times https://asiatimes.com/2020/07/next-bitcoin-rally-will-set-our-hair-on-fire/ â€¦
Mon Jul 13 14:14:17 CEST 2020;I mean my code specifically targets libbitcoinconsensus that is shipped with bitcoin source, and thus the names of the function and the lib have to be the same. I decided to build the lib straight from bitcoin source https://twitter.com/dmpsim/status/1282643536899383296 â€¦
Mon Jul 13 14:17:32 CEST 2020;#bitcoin hashrate just reached an ð—®ð—¹ð—¹ ð˜ð—¶ð—ºð—² ð—µð—¶ð—´ð—µ.The ð—µð—¶ð—´ð—µð—²ð—¿ the hashrate, the more ð˜€ð—²ð—°ð˜‚ð—¿ð—² the network is. pic.twitter.com/AemXaovRdi
Mon Jul 13 14:17:25 CEST 2020;"...Humans may even simulate a diverse society in their own minds by drawing different answers from their brain (Vul & Pashler, 2008)." https://doi.org/10.1016/j.jmp.2010.10.002 â€¦#blockchain #bitcoin #us #brain #behaviour #mentalhealth #cryptocurrencies #cryptoeconomics #dlt #Mindfulness #Mindset
Mon Jul 13 14:17:19 CEST 2020;Political Director For Ron Paul Quietly Mines Bitcoin And Builds New Blockchain Company #Blockchain #bitcoin #ui via http://twinybots.ch https://www.forbes.com/sites/jasonbrett/2020/07/12/political-director-for-ron-paul-quietly-mines-bitcoin-and-builds-new-blockchain-company/ â€¦
Mon Jul 13 14:17:06 CEST 2020;Just bought a few #bitcoin this morning to start the week off right!@BlockFiZac (there appears to be some glitch in my buy order that won't allow me to by 500k GUSD orders) Can you guys fix this? Thanks!pic.twitter.com/g6SnQWmj6x
Mon Jul 13 14:17:02 CEST 2020;Bitcoin Cash BCH Current Price:$235.841 Hour: -0.16 % | 24 Hours: -0.67 % | 7 Days: 2.04 %#bch #bitcoin cash
Mon Jul 13 14:17:00 CEST 2020;Grande Vegas Casino - New 25 Free Spins Coupon "Claim Daily" for Depositors Past 2 Days or 50 Free Spins Sign Up Bonus https://www.noluckneeded.com/grande-vegas-casino-coupons-25-daily-free-spins-ancient-gods-t25137.html â€¦ Reliable #Crypto #Bitcoin #Litecoin #BitcoinCash or #fiat Online Casino est 2009! #Canada, #France, #Australia Welcomepic.twitter.com/C2wsx3RzXJ
Mon Jul 13 14:16:57 CEST 2020;Sold $DATA here how simple is that ? Man shruggingFireNew Channel on Telegram https://t.me/MO_Trading #DATA #Bitcoin $KNC $ENJ $TRX $BTC #BTC $VET $ETH $LINK $XTZ $ADA $ETC $WRX $ZIL $DREP $CELR $RLC $FTM $TOMO $ATOM $ONE $DOGE $WAN $ONG $BAT $LSK $XEM $IOTA $XRP $XLM https://twitter.com/MoTradr/status/1282536897475162119 â€¦pic.twitter.com/XyfgMNk1X2
Mon Jul 13 14:16:43 CEST 2020;Not sure, but I think Bitcoin fixes it. Checking with my Bitcoin Deranged Friends.
Mon Jul 13 14:16:43 CEST 2020;$YFR WANTED via @ccTip_io Convert https://my.cctip.io/token/exchange/order/aaa20cf8dbccd09cc0f8bbaebefc942a945f96861f936dfcdc82abdaabdf8428 â€¦@cctip_io airdrop 15 YFR 15 #Testing3*Winning Followers = 1 YFR BONUS; Tipped Via @ccTip_io after campaign ended. YFR #FollowBack #Bitcoin #Crypto #IFB #BTC #FollowBack #FREEhttps://twitter.com/Eljaboom/status/1282633460318863362 â€¦
Mon Jul 13 14:16:36 CEST 2020;Before/After7 days only 06.07.2020 - 13.07.2020 Solu iÅŸaret etmek% 30,01 PROFIT LEGEND ROBOT @EngineeringRobo https://engineeringrobo.com/login/?ref=CryptoAdana â€¦ We are here for all your questions #Crypto #Bitcoin #Bist $IZFASpic.twitter.com/agSEpKWGTB
Mon Jul 13 14:16:30 CEST 2020;Bitcoin will be obsolete by 2140
Mon Jul 13 14:16:27 CEST 2020;Bitcoin (BTC) price maintains fragile stability - https://invezz.com/news/2020/07/13/bitcoin-price-maintains-fragile-stability/ â€¦pic.twitter.com/IvGtpGVNsV
Mon Jul 13 14:16:15 CEST 2020;Miner â€˜Death Spiralâ€™ A FUD? Bitcoin Miners Back In Action As Hash Rate Surges https://myfxinfo.com/miner-death-spiral-a-fud-bitcoin-miners-back-in-action-as-hash-rate-surges/ â€¦
Mon Jul 13 14:16:13 CEST 2020;#bitcoin short opened @ 9400$BTC | #crypto | #USDT
Mon Jul 13 14:16:12 CEST 2020;(3 fundamental reasons Bitcoin market bias remains bullish after recent drop)http://TheCryptoReport.com https://thecryptoreport.com/3-fundamental-reasons-bitcoin-market-bias-remains-bullish-after-recent-drop/ â€¦pic.twitter.com/PlPokxoGKb
Mon Jul 13 14:16:08 CEST 2020;#BTCGrey box does it's job. Keep grinding against it and we should be good to go higher.$BTC #Bitcoin pic.twitter.com/EmiRhqWBPA
Mon Jul 13 14:16:05 CEST 2020;Ole' bitcoin back at it again https://twitter.com/CosmonautC/status/1282306552511303680 â€¦pic.twitter.com/iNrpNudGcX
Mon Jul 13 14:16:04 CEST 2020;Latest #Bitcoin price is USD 9286.54 at July 12, 2020 at 02:16PM. $BTCpic.twitter.com/NyUVSoWNhb
Mon Jul 13 14:16:02 CEST 2020;Bitcoin Mining Difficulty Sets New Record High 2 Months After Halving: Two months after the network's halving event, it's harder than ever to mine bitcoin. https://j.mp/2WefKnb #Tech #News #BitcoinMiningpic.twitter.com/IZ6Jtc2OlK
Mon Jul 13 14:16:02 CEST 2020;Bitcoin Mining Difficulty Sets New Record High 2 Months After Halving http://dlvr.it/RbWT8M pic.twitter.com/3oX0324Y8S
Mon Jul 13 14:21:01 CEST 2020;Bitcoin ATM machine launched in Lagos https://www.lovablevibes.co/bitcoin-atm-machine-launched-in-lagos/ â€¦
Mon Jul 13 14:21:00 CEST 2020;Analyst: Itâ€™s â€œHard to Seeâ€ Ethereum Going Fully Bullish Without Wall Street http://www.xbt.money/analyst-its-hard-to-see-ethereum-going-fully-bullish-without-wall-street/ â€¦ #XBT #BTC #Bitcoin
Mon Jul 13 14:20:54 CEST 2020;#Bitcoin is DeFi by default
Mon Jul 13 14:20:53 CEST 2020;Bitcoin purist?
Mon Jul 13 14:20:36 CEST 2020;ADA just flew off, try in short with a short stop.#crypto #bitcoin #ethereum #cryptocurrencies #btc #ethpic.twitter.com/UHO0iwBUgl
Mon Jul 13 14:20:33 CEST 2020;$1,854,674 USD in SHORT Position contracts in 9288 #bitmex . Will be liquidated: 100X at (9335.5) 50X at (9432) 25X at (9632) and 10X at (10281) #bitcoin #cryptocurrency #blockchain #btc #trading #trader #bitcointrading
Mon Jul 13 14:20:27 CEST 2020;Order your secure and smart BTC/ETH/Altcoin hardware wallet - Only 94.80 EUR https://www.ledgerwallet.com/r/4518?path=/products/ledger-nano-s â€¦ #bitcoin #btc #eth #altcoin 08:20pic.twitter.com/jbBaiEm4nK
Mon Jul 13 14:20:24 CEST 2020;Breaking ""!!! #BITCOIN#BTC #cryptocurrency #crypto #CryptoNewspic.twitter.com/O0RkXAiQwz
Mon Jul 13 14:20:20 CEST 2020;#BTC is mainly in the upper air with pressure of 9350,9500 and support of 9150,9000. Prices may have a callback, if the index in 9350 have volume breakthrough trend, so the operation of more attention to the relationship between volume and price.#Bitcoin pic.twitter.com/qt7ISXqHdV
Mon Jul 13 14:20:17 CEST 2020;Time and chance happens to all men.But remember also opportunity comes but once.Use them wisely.#Lunoinvestment #bitcoin_sa #cryptocurrency #inspirationalquotes #tradeoptionpic.twitter.com/cfc62B4OUf
Mon Jul 13 14:20:16 CEST 2020;Facebookâ€™s Libra Triggers US & UK Alarm Bells; Will Bitcoin Take a Beating? https://www.ccn.com/facebooks-libra-triggers-us-will-bitcoin-take-a-beating/ â€¦
Mon Jul 13 14:20:14 CEST 2020;Not having an indefinite term #Bitcoin bag sucks more.
Mon Jul 13 14:20:10 CEST 2020;Drop in #bitcoin Whale Addresses Suggests Market May Be Decentralizing - CoinDesk https://www.coindesk.com/drop-bitcoin-crypto-whale-addresses-suggests-market-decentralizing â€¦pic.twitter.com/wgwfBiTb3m
Mon Jul 13 14:20:07 CEST 2020;Drop in Bitcoin 'Whale' Addresses Suggests Market May Be Decentralizing - CoinDesk - Coindesk https://www.coindesk.com/drop-bitcoin-crypto-whale-addresses-suggests-market-decentralizing?utm_source=dlvr.it&utm_medium=twitter â€¦
Mon Jul 13 14:20:06 CEST 2020;Drop in #Bitcoin Whale Addresses Suggests Market May Be Decentralizing - http://cryptscout.com/news-portal/?id=5&ref=8728&utm_source=twitter&utm_medium=auto&utm_campaign=news-portal â€¦
Mon Jul 13 14:20:03 CEST 2020;Drop in Bitcoin â€˜Whaleâ€™ Addresses Suggests Market May Be Decentralizing http://dlvr.it/RbWTq0 pic.twitter.com/rQQ1GPq0g1
Mon Jul 13 14:20:03 CEST 2020;Listen: What a Bitcoin Researcher Says About Lightning http://dlvr.it/RbWTqC pic.twitter.com/grbblsd7vy
Mon Jul 13 14:20:02 CEST 2020;Earn daily interest on your Crypto! BTC, #ETH, #LTC or #USDC! https://blockfi.com/?ref=ad9125ec #CryptoNews #cryptocurrency #Crypto #FinancialFreedom #BTC #Bitcoin #Staking #passiveincome #earnmoney #EarnMoneyOnline #Binance #tokens #altcoin #FreeCrypto #StayAtHome #blockfi #exchange
Mon Jul 13 14:20:02 CEST 2020;If LINK is open - itâ€™s better to put your stops on the Binance, as it seems to me under the drain.#crypto #bitcoin #ethereum #cryptocurrencies #btc #ethpic.twitter.com/GjgOzeVx2D
Mon Jul 13 14:19:56 CEST 2020;Never give in! This project is alive and roaring!! $zap$xrp $btc $link $eth $trx $btr #altseason #bitcoin #xrp #link #VeChain #VET $doge $bnb #bitrue $USDT $band $csc $LRC $xtz
Mon Jul 13 14:23:14 CEST 2020;> Miners cannot make changes Why do core devs roll out CVE patches to miners first then?100% consensus is a laughable proposition, how would you gauge that?If less than 100% and miners are on both chains, you have two chains.Market pricing decides which one is Bitcoin.
Mon Jul 13 14:23:12 CEST 2020;Grayscale large cap fund shifts focus to Bitcoin and Ethereum https://greenground.it/2020/07/13/grayscale-large-cap-fund-shifts-focus-to-bitcoin-and-ethereum/ â€¦
Mon Jul 13 14:23:05 CEST 2020;#Markets #Bitcoin Drop in Bitcoin â€˜Whaleâ€™ Addresses Suggests Market May Be Decentralizing http://dlvr.it/RbWVDp pic.twitter.com/W9NSQMj0Ks
Mon Jul 13 14:23:05 CEST 2020;Drop in Bitcoin â€˜Whaleâ€™ Addresses Suggests Market May Be Decentralizing: The number of bitcoin addresses holding at least 10,000 coins has dropped to 14-month lows alongside an uptick in lower-value addresses. https://www.coindesk.com/drop-bitcoin-crypto-whale-addresses-suggests-market-decentralizing?utm_source=dlvr.it&utm_medium=twitter â€¦ #Markets #Bitcoin pic.twitter.com/GaklVAYAD3
Mon Jul 13 14:23:04 CEST 2020;Drop in Bitcoin â€˜Whaleâ€™ Addresses Suggests Market May Be Decentralizing http://dlvr.it/RbWVCQ pic.twitter.com/wGTnxk4ydB
Mon Jul 13 14:23:04 CEST 2020;Drop in Bitcoin â€˜Whaleâ€™ Addresses Suggests Market May Be Decentralizing http://dlvr.it/RbWVBt pic.twitter.com/BPaH97WHhK
Mon Jul 13 14:23:02 CEST 2020;While #Bitcoin's historical volatility (HV) nearing 40 indicates major price action between 30% to 60% movement in either direction Bitcoin Hash Ribbons confirmed a "buy" signal which may not occur again for a â€œvery long time.â€ - @caprioleio
Mon Jul 13 14:23:01 CEST 2020;Will #Bitcoinâ€™s 'Great Bull Run Begin' After Hash Ribbons Confirm 'Buy' Signal?Current #BTC Price: $9,304.56 (0.2%)https://bitcoinexchangeguide.com/will-bitcoins-great-bull-run-begin-after-hash-ribbons-confirm-buy-signal/ â€¦
Mon Jul 13 14:23:00 CEST 2020;1 #BTC = $USD = $9289.58Track Your #Binance bag with #Signalyze#PriceAlert #Bitcoin #Crypto
Mon Jul 13 14:22:59 CEST 2020;Dear fellow generation Z , in a world where big data and digitalization are recognized as the biggest assets, millennials (and older) are still chasing PHYSICAL gold and fiat currencies. Donâ€™t copy them, we arenâ€™t living in the year 1862 anymore. Step up your game, buy #Bitcoin
Mon Jul 13 14:22:58 CEST 2020;Get Bitcoin cash by simply doing task. https://read.cash/@Sarahmay/get-bitcoin-cash-by-simply-doing-task-09b20b0a â€¦
Mon Jul 13 14:22:50 CEST 2020;Optimize your #BTSE Debit Card with your BTSE Elite Membership. BTSE Elite members get to enjoy exclusive perks ranging from increased spending & withdrawal limits, #bitcoin cashback & much more! Subscribe to BTSE Elite & unlock the Debit Card http://elite.btse.com pic.twitter.com/y6osj2uFT2
Mon Jul 13 14:22:27 CEST 2020;3 Macro Catalysts That Could Send Bitcoin Lower This Week https://www.techtelegraph.co.uk/3-macro-catalysts-that-could-send-bitcoin-lower-this-week/ â€¦
Mon Jul 13 14:22:25 CEST 2020;Earn $5 just for signing up with FRACTAL Exchange and referring others & US$75 bonus in FSC*token! Uses bitcoin wallet. Hurry, only 200 first spots. Use this link: https://deal.fractal.id/fusang-june?referral=WYLR-8C3Y â€¦
Mon Jul 13 14:22:25 CEST 2020;Blueleaks: How the FBI tracks Bitcoin laundering on the dark webhttps://decrypt.co/34740/blueleaks-how-the-fbi-tracks-bitcoin-laundering-on-the-dark-web â€¦
Mon Jul 13 14:22:17 CEST 2020;Yeah $btc #bitcoin & $eth #ethereum will be the only assets to stay here also after 10 years and more! https://twitter.com/coindesk/status/1282644774277783552 â€¦
Mon Jul 13 14:22:11 CEST 2020;Bitcoin volatility sellers have certainly had an easy time of late, but with near term IV now very low, how much longer will it continue?This is how the options market is currently pricing volatility per expiry:data by: @GenesisVolpic.twitter.com/1MpLUvHDW6
Mon Jul 13 14:22:11 CEST 2020;Bitcoin Black v Bitcoin. Get FREE coins ($36 value)! https://bitcoin.black/bitcoin-black-v-bitcoin/?a_aid=5f0c50f8e6ad2 â€¦
Mon Jul 13 14:22:05 CEST 2020;Invest in Bitcoin/forex and become a millionaire....DM me if interested#workfromhome #ceo #financialmarkets #cash #electroneum #lonewolf #selfemployed #manchester #stocks #motivation #dedication #ethereum #dailygrind #eurjpy #investment #motivatedmindset100% sure and realpic.twitter.com/10hticDeoa
Mon Jul 13 14:22:04 CEST 2020;Bear mother and her two cubs wrestle and play in back yard MailOnline - Coronavirus - News - Noticias - Bitcoin - CryptoCurrency - Forex - @JoseLuis_14_68 >http://dailym.ai/38Qjdxa
Mon Jul 13 14:24:13 CEST 2020;How long does it take to withdraw bitcoin from cash app??
Mon Jul 13 14:24:10 CEST 2020;The new Bitcoin..
Mon Jul 13 14:24:08 CEST 2020;Don't trade your Bitcoin.You've worked hard for your money.Invest your money so that it becomes an asset in your life.Contact me.
Mon Jul 13 14:24:02 CEST 2020;It means itâ€™s more difficult to â€˜mineâ€™ #bitcoin; Meaning the network is more secure; meaning itâ€™s a safer investment; meaning itâ€™s more attractive; meaning more people will want it; meaning number goes up.
Mon Jul 13 14:24:02 CEST 2020;#NZDJPY Running 30 pips in profits. TP2 done within 1 hour Open for 5 more people : https://t.me/warsnopicf #AUDUSD #USOIL #XAUUSD #fx #TSLA #Forex #BITCOIN #NFLX #USDCAD #USDJPY #AMZN #EURJPY #EURUSD #GBPUSD #USDCHF 597132507pic.twitter.com/ljX2NSgLi5
Mon Jul 13 14:24:01 CEST 2020;Drop in Bitcoin 'Whale' Addresses Suggests Market May Be Decentralizing - https://cryptonewswire.com/drop-in-bitcoin-whale-addresses-suggests-market-may-be-decentralizing â€¦ $BTC #finance #cryptocurrency #news
Mon Jul 13 14:23:53 CEST 2020;@syntagm http://bit.ly/syntagMTI sustainable #scalptrading #bitcoin #mti #forexpic.twitter.com/ptoNwNCcY6
Mon Jul 13 14:23:39 CEST 2020;#Bitcoin in last hour!!!#btc #cryptocurrency #crypto #CryptoNews #btc #bitcoinnews@cctip_io airdrop 100000 VYA-old 100pic.twitter.com/oCCAkTtFSH
Mon Jul 13 14:23:36 CEST 2020;Bitcoin Mining Difficulty Sets New Record High 2 Months After Halving â€“ CoinDesk https://goo.gl/fb/AsjuJM #bitcoin
Mon Jul 13 14:23:34 CEST 2020;Top 10 finest #Binance Clone Script Providers in 2020https://bit.ly/32bMkd5 #crypto #CryptoNews #cryptotrading #Bitcoin #btc #exchange
Mon Jul 13 14:23:32 CEST 2020;Hashrate precedes price#Bitcoin price - not that important - as Gold price is not that important since both BTC and Gold trade inversely with the $USD BTC hashrate increasing shows confidence in fiat money collapsing Soon, BTC will actually be drawing energy away from fiat
Mon Jul 13 14:23:28 CEST 2020;Many have an image of me, but only few got a picture.#Lunoinvestment #bitcoin_sa #cryptocurrency #inspirationalquotes #tradeconcept.pic.twitter.com/X27xeApiQx
Mon Jul 13 14:23:27 CEST 2020;For last 2 weeks bitcoin is stuck in 9100$ to 9400$ if bitcoin hit 9400$ again than definately will reach to 10k$.. lets see what happens
Mon Jul 13 14:23:14 CEST 2020;> Miners cannot make changes Why do core devs roll out CVE patches to miners first then?100% consensus is a laughable proposition, how would you gauge that?If less than 100% and miners are on both chains, you have two chains.Market pricing decides which one is Bitcoin.
Mon Jul 13 14:23:12 CEST 2020;Grayscale large cap fund shifts focus to Bitcoin and Ethereum https://greenground.it/2020/07/13/grayscale-large-cap-fund-shifts-focus-to-bitcoin-and-ethereum/ â€¦
Mon Jul 13 14:23:05 CEST 2020;#Markets #Bitcoin Drop in Bitcoin â€˜Whaleâ€™ Addresses Suggests Market May Be Decentralizing http://dlvr.it/RbWVDp pic.twitter.com/W9NSQMj0Ks
Mon Jul 13 14:23:05 CEST 2020;Drop in Bitcoin â€˜Whaleâ€™ Addresses Suggests Market May Be Decentralizing: The number of bitcoin addresses holding at least 10,000 coins has dropped to 14-month lows alongside an uptick in lower-value addresses. https://www.coindesk.com/drop-bitcoin-crypto-whale-addresses-suggests-market-decentralizing?utm_source=dlvr.it&utm_medium=twitter â€¦ #Markets #Bitcoin pic.twitter.com/GaklVAYAD3
Mon Jul 13 14:23:04 CEST 2020;Drop in Bitcoin â€˜Whaleâ€™ Addresses Suggests Market May Be Decentralizing http://dlvr.it/RbWVCQ pic.twitter.com/wGTnxk4ydB
Mon Jul 13 14:23:04 CEST 2020;Drop in Bitcoin â€˜Whaleâ€™ Addresses Suggests Market May Be Decentralizing http://dlvr.it/RbWVBt pic.twitter.com/BPaH97WHhK
Mon Jul 13 14:23:02 CEST 2020;While #Bitcoin's historical volatility (HV) nearing 40 indicates major price action between 30% to 60% movement in either direction Bitcoin Hash Ribbons confirmed a "buy" signal which may not occur again for a â€œvery long time.â€ - @caprioleio
Mon Jul 13 14:41:25 CEST 2020;Bitcoin wayyy... Dm me with transactions pic.twitter.com/HU0wTWJUP2
Mon Jul 13 14:41:24 CEST 2020;Basically, people who haven't studied P2P and distributed systems security or basic economics believe Bitcoin is "secure" while others are not. It's a moron religion of suckers to one of the biggest Ponzi schemes ever, putting "ICOs" to shame by orders of magnitude.
Mon Jul 13 14:41:21 CEST 2020;Sign up with my referral link and earn free Bitcoin to kickstart your crypto portfolio with SwissBorg.https://join.swissborg.com/r/oferHZUS
Mon Jul 13 14:41:20 CEST 2020;New article up on http://Medium.com in depth analysis of #Bitcoin We recently took out the high on the realized market cap on Bitcoin and the sentiment is moving towards bullish.https://medium.com/@CryptoCollective/bitcoin-analysis-what-your-missing-and-possible-outcomes-for-this-week-e98be2be522a â€¦$BTC $alts #cryptocurrency
Mon Jul 13 14:41:20 CEST 2020;FOMO Pushing DeFi Tokens To New HeightsDeFi tokens are at a new record high of $1.88 billion, having the price of BTC and DAI at theirâ€¦https://lightblocksnews.com/fomo-pushing-defi-tokens-to-new-heights/ â€¦#bitcoin #blockchain #ethereum #eos #xrp #link #Defi #FOMO #cryptocurrency #crypto #UEFA #ManchesterCity #MUFCpic.twitter.com/t4jroRj239
Mon Jul 13 14:41:19 CEST 2020;This is what I've been telling aboutGo all in #bitcoin @sparzito_https://twitter.com/zerohedge/status/1282393042134106112 â€¦
Mon Jul 13 14:41:13 CEST 2020;The number of bitcoin addresses holding at least 10,000 coins has dropped to 14-month lows alongside an uptick in lower-value addresses. "Drop in Bitcoin â€˜Whaleâ€™ Addresses Suggests Market May Be Decentralizing" https://ift.tt/307mvbk #Bitcoin #crypto
Mon Jul 13 14:41:12 CEST 2020;Collateral deposits in Aave are up nearly $160 million over the past six months, suggesting actual usage rather than speculation. "First Mover: Twelve-Fold Gains for Aaveâ€™s LEND Token Might Be More Than DeFi Hype" https://ift.tt/2Zlhcpw #Bitcoin #crypto
Mon Jul 13 14:41:11 CEST 2020;Two months after the network's halving event, it's harder than ever to mine bitcoin. "Bitcoin Mining Difficulty Sets New Record High 2 Months After Halving" https://ift.tt/3eqrclC #Bitcoin #crypto
Mon Jul 13 14:41:11 CEST 2020;Friends, let me share with you a cool browser with built-in mining features, I've been using it few weeks now and results are great! You get paid in Bitcoins and payments come directly to your Bitcoin wallet. Download it here - https://cryptotabbrowser.com/5407005?s=tw&f=extstart&og=m05 â€¦ #cryptotab
Mon Jul 13 14:41:08 CEST 2020;You buyin spot?
Mon Jul 13 14:41:04 CEST 2020;Bitcoin volatility has dropped to its lows for the last 3 years. The nearest resistance is at the level of $9500, which coincides with the level of 0.6 Fibonacci. Fixing the price above the level of $9700 will mean cancelling of the downward scenario. #BTC #ETHpic.twitter.com/m5YSrTnOnv
Mon Jul 13 14:40:55 CEST 2020;Drop in Bitcoin 'Whale' Addresses Suggests Market May Be Decentralizing#blockchain #dlike #cryptocurrencyhttps://dlike.io/latest/news/cryptocurrency/264054/drop-in-bitcoin-whale-addresses-suggests-market-may-be-decentralizing â€¦
Mon Jul 13 14:40:54 CEST 2020;Updates: #bitcoin in the ascendentr triangle: Bullish pattern for COINBASE:BTCUSD by harisonhbn9718 #BTCUSD https://www.tradingview.com/chart/BTCUSD/3FnsDdez-Updates-Bitcoin-in-the-ascendentr-triangle-Bullish-pattern â€¦pic.twitter.com/Zs6AV85Dz4
Mon Jul 13 14:40:51 CEST 2020;Message me to buy and sell your Bitcoin at the best rate pic.twitter.com/GMM1hTZQES
Mon Jul 13 14:40:49 CEST 2020;Teeka Tiwari: Donâ€™t Let Boredom Cost You Millions in Crypto Gains https://palmbeachconfidentialreview.com/palm-beach-confidential-newsletter/teeka-tiwari-dont-let-boredom-cost-you-millions-in-crypto-gains/ â€¦#teekatiwari #teeka #investing #crypto #bitcoin #money #cryptocurrency #CryptoNews #BitcoinPricePrediction #BtcPrice #CryptocurrencyNews #BitcoinMining #BitcoinNews #BitcoinPrice #BtcNews
Mon Jul 13 14:40:48 CEST 2020;Drop in Bitcoin â€˜Whaleâ€™ Addresses Suggests Market May Be Decentralizing https://cryptobreaking.com/drop-in-bitcoin-whale-addresses-suggests-market-may-be-decentralizing/ â€¦
Mon Jul 13 14:40:47 CEST 2020;Updates: Bitcoin in the ascendentr triangle: Bullish pattern!!! - #BTCUSD charthttp://www.tradingview.com/chart/BTCUSD/3FnsDdez-Updates-Bitcoin-in-the-ascendentr-triangle-Bullish-pattern/ â€¦
Mon Jul 13 14:40:46 CEST 2020;We just added anoher exchange to those already available!Now is possible to trade $Lyra with #bitcoin on the new tâ€¦ https://buff.ly/2Znjswq
Mon Jul 13 14:40:44 CEST 2020;I'm Dennis from Evansville and i do Mentor individuals interested in trading stocks ( bitcoin, forex, binary) online on how to trade and earn profit income. Dm if interested @denniswilhelm96 .
Mon Jul 13 14:41:46 CEST 2020;I'm Dennis from Evansville and i do Mentor individuals interested in trading stocks ( bitcoin, forex, binary) online on how to trade and earn profit income. Dm if interested @denniswilhelm96 .
Mon Jul 13 14:41:43 CEST 2020;Crypto Kickstarter Accelerator) Bitcoin - Investment - Investor - Cryptocurrency - Forex - Trade - Entrepreneur - @InvestCrypForex >https://bit.ly/2XS6LtX
Mon Jul 13 14:41:41 CEST 2020;How ICE Spread Coronavirus At Home And Abroad nytimes - News - Noticias - Bitcoin - CryptoCurrency - @JoseLuis_14_68https://nyti.ms/323IkeA
Mon Jul 13 14:41:35 CEST 2020;2020-2030 is the decade of #Bitcoin
Mon Jul 13 14:41:32 CEST 2020;Do you know you can get $22,000 in 7 days with an investment of $1000 and $500 can get you $8,500 in 7 days, invest on binary option and Bitcoin trading today also get a proper account management system with good marketing trends .. pic.twitter.com/VF7R20npMm
Mon Jul 13 14:41:30 CEST 2020;Drop in Bitcoin â€˜Whaleâ€™ Addresses Suggests Market May Be Decentralizing https://bmnews.co.uk/13/7277/
Mon Jul 13 14:41:25 CEST 2020;Bitcoin wayyy... Dm me with transactions pic.twitter.com/HU0wTWJUP2
Mon Jul 13 14:41:24 CEST 2020;Basically, people who haven't studied P2P and distributed systems security or basic economics believe Bitcoin is "secure" while others are not. It's a moron religion of suckers to one of the biggest Ponzi schemes ever, putting "ICOs" to shame by orders of magnitude.
Mon Jul 13 14:41:21 CEST 2020;Sign up with my referral link and earn free Bitcoin to kickstart your crypto portfolio with SwissBorg.https://join.swissborg.com/r/oferHZUS
Mon Jul 13 14:41:20 CEST 2020;FOMO Pushing DeFi Tokens To New HeightsDeFi tokens are at a new record high of $1.88 billion, having the price of BTC and DAI at theirâ€¦https://lightblocksnews.com/fomo-pushing-defi-tokens-to-new-heights/ â€¦#bitcoin #blockchain #ethereum #eos #xrp #link #Defi #FOMO #cryptocurrency #crypto #UEFA #ManchesterCity #MUFCpic.twitter.com/t4jroRj239
Mon Jul 13 14:41:19 CEST 2020;This is what I've been telling aboutGo all in #bitcoin @sparzito_https://twitter.com/zerohedge/status/1282393042134106112 â€¦
Mon Jul 13 14:41:13 CEST 2020;The number of bitcoin addresses holding at least 10,000 coins has dropped to 14-month lows alongside an uptick in lower-value addresses. "Drop in Bitcoin â€˜Whaleâ€™ Addresses Suggests Market May Be Decentralizing" https://ift.tt/307mvbk #Bitcoin #crypto
Mon Jul 13 14:41:12 CEST 2020;Collateral deposits in Aave are up nearly $160 million over the past six months, suggesting actual usage rather than speculation. "First Mover: Twelve-Fold Gains for Aaveâ€™s LEND Token Might Be More Than DeFi Hype" https://ift.tt/2Zlhcpw #Bitcoin #crypto
Mon Jul 13 14:41:11 CEST 2020;Two months after the network's halving event, it's harder than ever to mine bitcoin. "Bitcoin Mining Difficulty Sets New Record High 2 Months After Halving" https://ift.tt/3eqrclC #Bitcoin #crypto
Mon Jul 13 14:41:11 CEST 2020;Friends, let me share with you a cool browser with built-in mining features, I've been using it few weeks now and results are great! You get paid in Bitcoins and payments come directly to your Bitcoin wallet. Download it here - https://cryptotabbrowser.com/5407005?s=tw&f=extstart&og=m05 â€¦ #cryptotab
Mon Jul 13 14:41:08 CEST 2020;You buyin spot?
Mon Jul 13 14:41:04 CEST 2020;Bitcoin volatility has dropped to its lows for the last 3 years. The nearest resistance is at the level of $9500, which coincides with the level of 0.6 Fibonacci. Fixing the price above the level of $9700 will mean cancelling of the downward scenario. #BTC #ETHpic.twitter.com/m5YSrTnOnv
Mon Jul 13 14:40:55 CEST 2020;Drop in Bitcoin 'Whale' Addresses Suggests Market May Be Decentralizing#blockchain #dlike #cryptocurrencyhttps://dlike.io/latest/news/cryptocurrency/264054/drop-in-bitcoin-whale-addresses-suggests-market-may-be-decentralizing â€¦
Mon Jul 13 14:40:54 CEST 2020;Updates: #bitcoin in the ascendentr triangle: Bullish pattern for COINBASE:BTCUSD by harisonhbn9718 #BTCUSD https://www.tradingview.com/chart/BTCUSD/3FnsDdez-Updates-Bitcoin-in-the-ascendentr-triangle-Bullish-pattern â€¦pic.twitter.com/Zs6AV85Dz4
Mon Jul 13 14:40:51 CEST 2020;Message me to buy and sell your Bitcoin at the best rate pic.twitter.com/GMM1hTZQES
Mon Jul 13 14:46:07 CEST 2020;itcoin To The Moon: $9322.85 USDPrevious Price: $9312.97 USDPercentage Increase: 0.106%#BTC #BITCOIN
Mon Jul 13 14:46:05 CEST 2020;Bitcoin is Lindy
Mon Jul 13 14:46:04 CEST 2020;What do you know about the Bitcointalk forum? #Blockchain #bitcoin #cryptocurrency via http://twinybots.ch https://www.reddit.com/user/TimeCoin_Protocol/comments/hncchl/what_do_you_know_about_the_bitcointalk_forum/ â€¦
Mon Jul 13 14:46:00 CEST 2020;Follow CITADEL ADVANTAGE @StanleyEpstein for the latest on #training #courses - #finance #financialservices #bitcoin #blockchain #riskmanagement #person #banking #creditualfinance payments #mobilepayments #digitalpayments #ICO #cpe #crypto #education #onlinetraining #covid19pic.twitter.com/qkQXPv8xzr
Mon Jul 13 14:45:59 CEST 2020;Volume showing up for #bitcoin n $eth could this be it or just another fake out to get some juicy shorts in. $btc big move is coming..
Mon Jul 13 14:45:58 CEST 2020;Ethereum is the second largest cryptocurrency in the globe, just behind Bitcoin and it's very cheap at the moment compared to the former. Join us today let's talk Etherum and how you could thrive from it https://chat.whatsapp.com/KhBo8oj2jNH9JIH9hcV97q â€¦
Mon Jul 13 14:45:58 CEST 2020;BitCoin Bitcoin Mining Difficulty Sets New Record High 2 Months After Halving https://bit.ly/2WejMLY
Mon Jul 13 14:45:53 CEST 2020;Are you tired working for someone? Or are you tired living off paychecks? Your opportunity is now!!! Start a bitcoin investment today and be a boss of your own....No technological advances required... pic.twitter.com/OrVNg8KJHz
Mon Jul 13 14:45:45 CEST 2020;N So are you a Bitcoin
Mon Jul 13 14:45:45 CEST 2020;The real owners of the country know the truth, you will too, eventually. #Bitcoin is the cure for this disease. https://twitter.com/ProjectLincoln/status/1282656724491685890 â€¦pic.twitter.com/Ts4KMc2h0D
Mon Jul 13 14:45:42 CEST 2020;I'm Dennis from Evansville and i do Mentor individuals interested in trading stocks ( bitcoin, forex, binary) online on how to trade and earn profit income. Dm if interested @denniswilhelm96 .
Mon Jul 13 14:45:40 CEST 2020;Exciting news,@LuchoPoletti and i (@iH0DL) have been quietly working on a 3D prototype of......More info soon. #bitcoin #cryptoart
Mon Jul 13 14:45:39 CEST 2020;Bitcoin is the greatest pornstar
Mon Jul 13 14:45:37 CEST 2020;#Markets #Business Uber Denies Plans to Accept Bitcoin Payments http://dlvr.it/RbWZ1f | http://bit.ly/etsydeals pic.twitter.com/G8ebCJO19H
Mon Jul 13 14:45:36 CEST 2020;Check out this cool heat map for $BTC trading volume patterns over the last month on Binance.Do you spot anything interesting?#Bitcoin #cryptocurrencies #investing $USDTpic.twitter.com/7FkweSWnoj
Mon Jul 13 14:45:35 CEST 2020;Ask leaders to make #BehavioralScience core #education RT @3BRamz: Better wisdom from crowdshttps://bcs.mit.edu/news-events/news/better-wisdom-crowds â€¦#Bitcoin #btc #blockchain #mentalhealth #psychology #brainâ€¦ https://twitter.com/i/web/status/1282644999277092865 â€¦
Mon Jul 13 14:45:35 CEST 2020;Drop in Bitcoin â€˜Whaleâ€™ Addresses Suggests Market May Be Decentralizing: The number of bitcoin addresses holding at least 10,000 coins has dropped to 14-month lows alongside an uptick in lower-value addresses. https://j.mp/2Zoc2ZZ #Markets #Bitcoin pic.twitter.com/GHhmtTjF8n
Mon Jul 13 14:45:34 CEST 2020;Drop in Bitcoin â€˜Whaleâ€™ Addresses Suggests Market May Be Decentralizing http://dlvr.it/RbWZ0R pic.twitter.com/67ZaCjCKMw
Mon Jul 13 14:45:33 CEST 2020;Drop in Bitcoin 'Whale' Addresses Suggests Market May Be Decentralizing - CoinDesk - CoinDesk http://dlvr.it/RbWYrl pic.twitter.com/6udXijEAS2
Mon Jul 13 14:45:32 CEST 2020;Ask leaders to make #BehavioralScience core #education RT @3BRamz: RT @3BRamz: Can Brain Science Help Us Break Bad Habits?#brain #brainhealth #cryptocurrency#Bitcoin #BehavioralScience #blockchain #habitâ€¦
Mon Jul 13 14:46:22 CEST 2020;A trading bot description that I was reading, recipe for disaster LOL:"...addresses the common problem of accumulated losses due to excessive stop-lossing â€“ this is done by "..." riding the position out until profitable again when underwater:"#crypto #Bitcoin #altcoins
Mon Jul 13 14:46:21 CEST 2020;Grayscale investment &cryptocurrency company increases its Bitcoin &Ethereum assets with XRP, BCH &LTC costsGrayscale cryptocurrency investment &asset management company is increasing the volume of BTC,ETH in its large digital fund DLC by spending XRP,BCH currencies,& LTC pic.twitter.com/Nrd5qCo9Rc
Mon Jul 13 14:46:20 CEST 2020;You're just rebranding the real situation behind the actual shitcoin called "Bitcoin" to feel good, so you don't see the thing is actually controlled by actual crooks who use it to extract hundreds of billions from suckers.It's not "manipulation." It's a scam.
Mon Jul 13 14:46:19 CEST 2020;The supply of Bitcoin atheists appears to have no hard cap. Itâ€™s bewildering, because the theological implications of BTC are so obvious.
Mon Jul 13 14:46:14 CEST 2020;$ETH third target hit. 89% profits with 10xhurry get Free signals : https://t.me/lambomoonsoon $BLZ UBT $MTH $DREP $ZIL $HOT #CRYPTO $TROY $IOTX $QKC $POE $SOL $VIBE #BITCOIN $MBL 352370276pic.twitter.com/mP86IcqugF
Mon Jul 13 14:46:14 CEST 2020;#Bitcoin #GIVEAWAY PRIZE:$20 #BTC ENTER:Like & RetweetFollow @RoboHoboPro & @Bogzkie1Tag 3 FriendsBONUS (FOLLOW @CoinFlipATM)ENDS:24hrspic.twitter.com/aZGoxVx1zZ
Mon Jul 13 14:46:13 CEST 2020;That's what liberals have been saying about conservatives for years.
Mon Jul 13 14:46:12 CEST 2020;(5 Bitcoin Metrics Are Making Highs Says Fund Manager: Could Price Follow?)http://TheCryptoReport.com https://thecryptoreport.com/5-bitcoin-metrics-are-making-highs-says-fund-manager-could-price-follow/ â€¦pic.twitter.com/tbZjHGut3p
Mon Jul 13 14:46:11 CEST 2020;Mon Jul 13 14:45:23 2020 (0:34)USD : 9327.51Wght: 0.47Blk#: 639081Size: 1265.0 KBTXs: 1798Pool: 21045 (14.6 MB)#bitcoin
Mon Jul 13 14:46:07 CEST 2020;itcoin To The Moon: $9322.85 USDPrevious Price: $9312.97 USDPercentage Increase: 0.106%#BTC #BITCOIN
Mon Jul 13 14:46:05 CEST 2020;Bitcoin is Lindy
Mon Jul 13 14:46:04 CEST 2020;What do you know about the Bitcointalk forum? #Blockchain #bitcoin #cryptocurrency via http://twinybots.ch https://www.reddit.com/user/TimeCoin_Protocol/comments/hncchl/what_do_you_know_about_the_bitcointalk_forum/ â€¦
Mon Jul 13 14:46:00 CEST 2020;Follow CITADEL ADVANTAGE @StanleyEpstein for the latest on #training #courses - #finance #financialservices #bitcoin #blockchain #riskmanagement #person #banking #creditualfinance payments #mobilepayments #digitalpayments #ICO #cpe #crypto #education #onlinetraining #covid19pic.twitter.com/qkQXPv8xzr
Mon Jul 13 14:45:59 CEST 2020;Volume showing up for #bitcoin n $eth could this be it or just another fake out to get some juicy shorts in. $btc big move is coming..
Mon Jul 13 14:45:58 CEST 2020;Ethereum is the second largest cryptocurrency in the globe, just behind Bitcoin and it's very cheap at the moment compared to the former. Join us today let's talk Etherum and how you could thrive from it https://chat.whatsapp.com/KhBo8oj2jNH9JIH9hcV97q â€¦
Mon Jul 13 14:45:58 CEST 2020;BitCoin Bitcoin Mining Difficulty Sets New Record High 2 Months After Halving https://bit.ly/2WejMLY
Mon Jul 13 14:45:45 CEST 2020;N So are you a Bitcoin
Mon Jul 13 14:45:45 CEST 2020;The real owners of the country know the truth, you will too, eventually. #Bitcoin is the cure for this disease. https://twitter.com/ProjectLincoln/status/1282656724491685890 â€¦pic.twitter.com/Ts4KMc2h0D
Mon Jul 13 14:45:42 CEST 2020;I'm Dennis from Evansville and i do Mentor individuals interested in trading stocks ( bitcoin, forex, binary) online on how to trade and earn profit income. Dm if interested @denniswilhelm96 .
Mon Jul 13 14:45:40 CEST 2020;Exciting news,@LuchoPoletti and i (@iH0DL) have been quietly working on a 3D prototype of......More info soon. #bitcoin #cryptoart
Mon Jul 13 14:50:08 CEST 2020;New article: "Drop in Bitcoin 'Whale' Addresses Suggests Market May Be Decentralizing" has been published on Fintech Zoom - https://fintechzoom.com/fintech_news_crypto/drop-in-bitcoin-whale-addresses-suggests-market-may-be-decentralizing/ â€¦ @FintechZoom #Fintech #Blockchain #Crypto #Cryptocurrency #ICO
Mon Jul 13 14:50:08 CEST 2020;#Bitcoin #BTC current price (GBP): 7,365.89+5.91 (+0.08%)
Mon Jul 13 14:50:05 CEST 2020;Bitcoin price gains bullish momentum!Even though Bitcoin price has shown some weakness, key support levels are holding as BTC prepares for another shot at $10,000.More http://instagram.com/p/CClTEA-HHCT/ pic.twitter.com/YSBZUGn0PN
Mon Jul 13 14:50:05 CEST 2020;Did you know, ChainEX is a Bitcoin Exchange that reaches all over the world, including Port Elizabeth? https://chainex.io/ #Bitcoin #BitcoinSouthAfrica #BTC #BitcoinSApic.twitter.com/VcFqMgLrjw
Mon Jul 13 14:50:02 CEST 2020;A new #Bitcoin price zone has just been detected xxxx xxxx To unlock all #BTC trend prediction changes join our telegram group https://t.me/Bitcoin_Meter Prediction No. 20742pic.twitter.com/o5yy3kieJZ
Mon Jul 13 14:50:01 CEST 2020;Get on the train before it leaves the station! Here's my referral link for Coinbase. Get $10 in free Bitcoin when you buy or sell $100 or more: http://coinbase.com/join/penn_5n?src=ios-share â€¦
Mon Jul 13 14:50:00 CEST 2020;Your Name - your business - your brand: Grab this xtr-perfect name for sale http://nxt.money + http://nxtmoney.net #cash#money#finance#fintech#coins#currency#Dollar#Euro#credit#Bitcoin#brand#name#domains#register#URL#IP#TLD#DNS#SEO#internetpic.twitter.com/VDGkNHzT89
Mon Jul 13 14:50:00 CEST 2020;Grayscale large cap fund shifts focus to Bitcoin and Ethereum - Decrypt via BTCnews for iOS https://decrypt.co/35352/grayscale-large-cap-fund-shifts-focus-to-bitcoin-and-ethereum â€¦
Mon Jul 13 14:49:59 CEST 2020;Any #BSV concerns about malware Glupteba? It can get instructions and update itself using public messages encoded in the Bitcoin blockchain using the OP_RETURN feature built into Bitcoin.
Mon Jul 13 14:49:57 CEST 2020;Are you Looking to Start a #Crypto #Exchange like #Localbitcoins? Get the 100% customizable #Localbitcoins Clone Script from #Sellbitbuy to launch your own crypto exchange website Instantly.Contact us http://bit.ly/2QukEt7 #Bitcoin #Cryptocurrency #USA #UK #koreapic.twitter.com/GtB94veVKi
Mon Jul 13 14:49:54 CEST 2020;Register with MMM Global today & PH with Bitcoin: https://bit.ly/3e2caTH & Join Skype group: https://join.skype.com/nMJxynAcC2nr #coronavaccine Manchester City Tariq Man Utd UEFA ,covid19,#COVID19india,#COVID19Nigeria,#COVID19Russia,#COVID19Brazil,#COVID19South Africa,#COVID19China,pic.twitter.com/MJgMFAT4U9
Mon Jul 13 14:49:52 CEST 2020;So many excuses why people donâ€™t invest in appreciating assets, I guess for some the fear of making a loss is greater than the desire for gain? One things certain, itâ€™s hard to retire wealthy if you fail to try #realestate #bitcoin #success
Mon Jul 13 14:49:44 CEST 2020;Absolutely . I see as the big winner here bc value will keep fleeing from , esp. , , to . As all currencies devalue against , the only way to preserve purchasing power is buying #Bitcoin. Thereâ€™ll be and #Bitcoin coexistence until miners in switch to #Bitcoin.
Mon Jul 13 14:49:42 CEST 2020;CHALLENGE-CLG is an Ethereum BlockChain based CryptoCurrency ,CLG can be converted to Bitcoin,Ethereum or other crypto using third party exchanges.Now Live Airdrop 2nd Round So Join Fast And Earn Real Token For Growing Your Future. https://twitter.com/ChallengeClg/status/1280192830896402433 â€¦
Mon Jul 13 14:49:28 CEST 2020;$STEEM All Targets Hit! 30% ProfitFree crypto channel, Join http://t.me/phoenixICF $CNX #tokens #futures $MOD $NULS $QASH $LINK $BTC #cryptocurrency $TEL $VIA $SNM $UPP $POWR #bitcoin $ADA $TUSD $ETHOS $STORM 5423pic.twitter.com/a2cg8pS98K
Mon Jul 13 14:49:27 CEST 2020;$ETH $USD #freesignals #forex #forextrader #bitcoin #trading #forextrading #money #forexsignals #trader #cryptocurrency #forexlifestyle #investment #investing #entrepreneur #fx #crypto #candlestick #binaryoptions #invest #blockchain #forexmarket #investor #tradepic.twitter.com/VbxAtyZmIL
Mon Jul 13 14:49:24 CEST 2020;$bnb / $btc: +4% value, +1% volume at #Binance (#BinanceCoin / #Bitcoin, @binance_2017, #cryptoasset, https://cryptocoinradar.com/#bnb )
Mon Jul 13 14:49:23 CEST 2020;Parabolic Naver. Wow CJENM looks like it wants to die. Lol
Mon Jul 13 14:49:18 CEST 2020;+121.607 Sats for my #Bitcoin #dailyDCA or tomorrow ? #TimeForPlanBpic.twitter.com/K3myOvZxIj
Mon Jul 13 14:49:13 CEST 2020;I have bitcoin, you have itï¼Ÿ
Mon Jul 13 14:53:50 CEST 2020;You told me be honest
Mon Jul 13 14:53:50 CEST 2020;should I get my tounge pierced after work today
Mon Jul 13 14:53:50 CEST 2020;I thought I was the only one. Lol Get a California king bed. They are huge so you can have your own space
Mon Jul 13 14:53:50 CEST 2020;we also living in talay searchbar wdym
Mon Jul 13 14:53:50 CEST 2020;tigaSTRAY KIDS WORLD DOMINATION@Stray_Kids #StrayKids
Mon Jul 13 14:53:50 CEST 2020;Thorn watched her write away and tilted his head. â€Uh Scar what are you doing?â€
Mon Jul 13 14:53:50 CEST 2020;Repost from @petesouzaâ€¢Both President Obama and Vice President Biden were smart enough to listen to Dr. Anthony Fauci.â£â£Their administration also wouldnâ€™t ever have their officials anonymously malign him to news sources like the IMpotus.pic.twitter.com/OkyHjIlaed
Mon Jul 13 14:53:50 CEST 2020;super
Mon Jul 13 14:53:50 CEST 2020;I need a hug. But I might just settle for a savanna
Mon Jul 13 14:53:50 CEST 2020;This is bull. â€œManyâ€ can you quantify? Do you have stats?
Mon Jul 13 14:53:50 CEST 2020;Tonightâ€™s was beautiful. A perfect end to a thoughtful television discussion.
Mon Jul 13 14:53:50 CEST 2020;A lot of non Ari tweeting they want a Moneybagg lmfaooooo
Mon Jul 13 14:53:50 CEST 2020;Good morning
Mon Jul 13 14:53:50 CEST 2020;Sure... Please feel free to dm me whenever u want
Mon Jul 13 14:53:50 CEST 2020;Bruh what-https://twitter.com/plnkfllter/status/1282297497382158336 â€¦
Mon Jul 13 14:53:50 CEST 2020;her arms >>>https://twitter.com/godi_kang/status/1282651741347917824 â€¦
Mon Jul 13 14:53:50 CEST 2020;pls this is a one off i promise levi is my forever and always
Mon Jul 13 14:53:50 CEST 2020;Yo! Letâ€™s go!! That game was fun.
Mon Jul 13 14:53:50 CEST 2020;If you want me to leave, then tell me to leave, and baby, I'll go.https://open.spotify.com/track/6J2LdBN97cDWn0MLxYh9HB?si=Rai2ZIpCQ7KBRNnEjS7ETg â€¦
Mon Jul 13 14:53:50 CEST 2020;one person followed me // automatically checked byhttp://fllwrs.com
Mon Jul 13 14:54:09 CEST 2020;ARGGGHHH PEACE OF MIND PLS PO PLS PO
Mon Jul 13 14:54:09 CEST 2020;Man just let Them belive in god. Who cares of hes real or not too these People he exists, and thats enough
Mon Jul 13 14:54:09 CEST 2020;This would make a great GMOD murder maphttps://twitter.com/di0rsbaby/status/1281955013888180227 â€¦
Mon Jul 13 14:54:09 CEST 2020;Why You Should Never, Ever Stop Taking Antidepressants Cold Turkeyhttps://www.prevention.com/life/a20509451/what-happens-when-you-stop-taking-antidepressants/ â€¦
Mon Jul 13 14:54:09 CEST 2020;5 people followed me and 2 people unfollowed me // automatically checked byhttp://fllwrs.com
Mon Jul 13 14:54:09 CEST 2020;I can imagine, what scares you the most?
Mon Jul 13 14:54:09 CEST 2020;man, not mr.garza yo
Mon Jul 13 14:54:09 CEST 2020;Traitor
Mon Jul 13 14:54:09 CEST 2020;It donst pay
Mon Jul 13 14:54:09 CEST 2020;I'm sure his mission is to make sure he destroys SA before anything happens to him!
Mon Jul 13 14:54:09 CEST 2020;Have fun and be safe!
Mon Jul 13 14:54:09 CEST 2020;or maybe itâ€™s hayden can interview my cake https://twitter.com/elliesanakin/status/1282593486039130113 â€¦
Mon Jul 13 14:54:09 CEST 2020;Definitely yes!
Mon Jul 13 14:54:09 CEST 2020;Alia Bhatt- I know who is the president of india
Mon Jul 13 14:54:09 CEST 2020;14 aing
Mon Jul 13 14:54:09 CEST 2020;okay but can u hear black swan japanese ver as bg music?pic.twitter.com/UZLmwpXklM
Mon Jul 13 14:54:09 CEST 2020;I agree https://twitter.com/naivemrk/status/1282659037998460931 â€¦pic.twitter.com/cSXNoNK5gT
Mon Jul 13 14:54:09 CEST 2020;I wasn't talking about the book but the phrase "do you like me that much?" this has nothing to do with predatory behavior
Mon Jul 13 14:54:09 CEST 2020;I didn't even know she was sick.https://twitter.com/people/status/1282543002611851265 â€¦
Mon Jul 13 14:54:09 CEST 2020;The best English club in historypic.twitter.com/spLTLZ8BGF
Mon Jul 13 14:54:30 CEST 2020;Dear Mr. Purohit, Apologies for the inconvenience. We are experiencing high call volume due to the COVID-19 outbreak. Please elaborate on your concern for us to check and assist you. Thanks, Priyanka.
Mon Jul 13 14:54:30 CEST 2020;one person followed me // automatically checked byhttp://fllwrs.com
Mon Jul 13 14:54:30 CEST 2020;And even though the substrate can also be described in algorithmic terms by means of their different language.
Mon Jul 13 14:54:30 CEST 2020;Bin Lost
Mon Jul 13 14:54:30 CEST 2020;Beautiful seonghwa as always
Mon Jul 13 14:54:30 CEST 2020;. Happy Birthday To Actor & Writer #VISJayapalan Sir #HBDVISJayapalan #birthdaywishes Warm Regards,Team @V4umedia_ & @RIAZthebosspic.twitter.com/btYvT8cQfC
Mon Jul 13 14:54:30 CEST 2020;Our last game at anfield <<<<
Mon Jul 13 14:54:30 CEST 2020;â€œIâ€™m as interested by what sex canâ€™t give you as by what it can.â€ â€”Dennis Cooperhttps://www.theparisreview.org/interviews/6098/dennis-cooper-the-art-of-fiction-no-213-dennis-cooper â€¦
Mon Jul 13 14:54:30 CEST 2020;They still have these young players, so might not have the consistency to win the title but they're definitely on the right path."
Mon Jul 13 14:54:30 CEST 2020;Another #TrumpTraitor. Embarrassing and deadly.https://twitter.com/keithboykin/status/1282344989419278336 â€¦
Mon Jul 13 14:54:30 CEST 2020;Someone got split in half?
Mon Jul 13 14:54:30 CEST 2020;Kaget
Mon Jul 13 14:54:30 CEST 2020;MY HURThttps://twitter.com/taeyeondiaries/status/1282631040704622592 â€¦
Mon Jul 13 14:54:30 CEST 2020;state of grace #SwiftieDay
Mon Jul 13 14:54:30 CEST 2020;I deadass almost gave my life update to twitter instead of my finsta wow slippin
Mon Jul 13 14:54:30 CEST 2020;what sweet agony did I just listen to?
Mon Jul 13 14:54:30 CEST 2020;True
Mon Jul 13 14:54:30 CEST 2020;#VakeelSaabHappy born day power starpic.twitter.com/uDI4OjOqOF
Mon Jul 13 14:54:30 CEST 2020;I want some breakfast
Mon Jul 13 14:54:30 CEST 2020;Couldnâ€™t agree more. The Richest Man in Babylon says that as you become more capable, you gain more wealth. You have to start somewhere.
Tue Jul 14 10:10:39 CEST 2020;This week on our challenger banking series: Remco Veenenberg from @WUP_digital!Key Takeaways: Challengers used as "lunchbox" accounts Partnerships & integrations will see success Wirecard scandal showed industry's resiliencehttps://buff.ly/32g6VwU #fintech #neobanks
Tue Jul 14 10:06:20 CEST 2020;Crypto Visa card unaffected by Wirecard scandal: Wirex https://bit.ly/2C8x06j
Tue Jul 14 08:24:41 CEST 2020;Crypto Visa card unaffected by Wirecard scandal: Wirexhttps://www.ejinsight.com/eji/article/id/2521419/20200714-Crypto-Visa-card-unaffected-by-Wirecard-scandal:-Wirex â€¦
Tue Jul 14 07:52:37 CEST 2020;The financial scandal surrounding #Wirecard, the once stellar European financial technology group, is only one of the many recent examples of bad ethical behaviour by leaders. https://the-human-impact-group.com/news-2/76-what-managers-can-learn-from-positive-psychology-in-ethical-borderline-situations.html â€¦ #leadership #ethics
Tue Jul 14 07:43:53 CEST 2020;the #wirecard scandal (mainly popping up in germany and austria) has a lot to do with partnering with china and forcing cashless payment. maybe wirecard was set up as a russian shell company 1/2 https://alexandrabader.wordpress.com/2020/07/13/der-wirecard-skandal-als-oesterreichischer-sumpf/ â€¦
Tue Jul 14 07:10:03 CEST 2020;Crypto Visa card unaffected by Wirecard scandal: Wirex http://www.redhotblock.com/bcryptob-visa-card-unaffected-by-wirecard-scandal-wirex?utm_source=dlvr.it&utm_medium=twitter â€¦
Tue Jul 14 06:49:54 CEST 2020;Starting my personal research on Financial Crimes and their Impact on developing economies. I'll be studying the Wirecard Scandal , Car Wash Scandal among others and the correlation with the developing economies.
Tue Jul 14 06:08:23 CEST 2020;Calls grow for FCA to introduce new rules in wake of #Wirecard scandal https://www.finextra.com/newsarticle/36198/calls-grow-for-fca-to-introduce-new-rules-in-wake-of-wirecard-scandal â€¦ via @Finextra
Tue Jul 14 04:38:32 CEST 2020;Spying claims is latest twist in Wirecard scandal The Straits Times http://twib.in/l/nqoaL8pkGen8 via @theafricamentor #business #africapic.twitter.com/RF3DhDCqHH
Tue Jul 14 03:28:40 CEST 2020;Crypto Visa card unaffected by Wirecard scandal: Wirex EJINSIGHT https://www.cryptoscoop.io/crypto-visa-card-unaffected-by-wirecard-scandal-wirex-ejinsight/ â€¦
Tue Jul 14 03:02:57 CEST 2020;VIENNA - The dramatic collapse of German payment provider Wirecard fuelled a political row in Austria Monday, with former right-wing coalition partners trading accusations of links to key players in the scandal. #BangkokPost #Worldhttps://www.bangkokpost.com/world/1951072
Tue Jul 14 01:13:43 CEST 2020;Calls Grow for @TheFCA to Introduce New Rules in Wake of #Wirecard Scandal â €https://buff.ly/3gRbkua â €#fintech #payments #safeguarding #regulation https://instagr.am/p/CCmV0yxAST4/ pic.twitter.com/he8rS7BsZu RT @neirajones
Tue Jul 14 00:56:05 CEST 2020;Calls Grow for @TheFCA to Introduce New Rules in Wake of #Wirecard Scandal â €https://buff.ly/3gRbkua â €#fintech #payments #safeguarding #regulation https://instagr.am/p/CCmV0yxAST4/ pic.twitter.com/RlzYqrygKZ
Tue Jul 14 00:52:33 CEST 2020;'The short selling business model does not dovetail with slow burn frauds such as Wirecard. There were already robust indicators Wirecard was a fraud in the mid-2000s. By the time the scandal broke in 2020, the share price had gone up 100-fold.' R Vinall https://www.rvcapital.ch/post/the-wirecard-scandals â€¦pic.twitter.com/LXRsTjez9k
Tue Jul 14 00:45:04 CEST 2020;Wirecard's Philadelphia-area tech firm is up for sale as its German boss gets out on bail in fraud scandal https://e.gv6.co/tFD-nO
Tue Jul 14 00:08:29 CEST 2020;Doubt it. How will the politicians (& captured regulators e.g. see wirecard scandal) launder their gains? They will need privacy coins more than us. Trust me. Don't believe the fear.
Mon Jul 13 23:56:16 CEST 2020;Calls Grow for @TheFCA to Introduce New Rules in Wake of #Wirecard Scandal â €https://buff.ly/3gRbkua â €#fintech #payments #safeguarding #regulation https://instagr.am/p/CCmO_OanxRb/ pic.twitter.com/JNlShyOd4D
Mon Jul 13 21:13:39 CEST 2020;. @TheFCA has come down hard on payment services firms in the wake of the @wirecard fraud scandal, in which millions of accounts were frozen. Click for details: https://tca.la/n5m #fraud #finance #accounts #fcahttp://uk.topclassactions.com/lawsuit-settlements/lawsuit-news/fca-toughens-rules-on-payments-firms-following-wirecard-scandal/ â€¦
Mon Jul 13 21:00:23 CEST 2020;Will @EYnews become next Arthur Andersen? #wirecard #fraud #scandals #big4 #big3
Mon Jul 13 20:55:04 CEST 2020;Hi...I just found this Facebook post, and it seems that Jan Marsalek, who was involved in creating Lumi, is part of a huge scandal involving WireCard. I was wondering if you had any further comment about it. https://m.facebook.com/photo.php?fbid=245414015816536&id=146998555658083&set=pcb.245414772483127&source=48&refid=13&__tn__=%2B%3D â€¦
Tue Jul 14 10:21:32 CEST 2020;yeah i know thereâ€™s technically four women but given that two of them are played by one woman and her first character exists to go â€œiâ€™m peggy!â€ drives me utterly feral with rage. itâ€™s not a meaningful duality like with every other person manning multiple roles
Tue Jul 14 10:21:32 CEST 2020;Souls of Mischief & Adrian Younge - Meeting of the Minds - There Is Only Now
Tue Jul 14 10:21:32 CEST 2020;s*ck you
Tue Jul 14 10:21:32 CEST 2020;Check out our previous songs now!https://twitter.com/pralbem/status/1264023608155762688 â€¦
Tue Jul 14 10:21:32 CEST 2020;Ah yes,A Shotgun wedding
Tue Jul 14 10:21:32 CEST 2020;I don't care.Anything is better than Covid and Brexit.
Tue Jul 14 10:21:32 CEST 2020;Red is so sexc on himhttps://twitter.com/defchlorine0328/status/1282892088124858368 â€¦
Tue Jul 14 10:21:32 CEST 2020;Eco-friendly baby names are popular in 2020 â€“ here's the top 20https://trib.al/qHarrBW
Tue Jul 14 10:21:32 CEST 2020;Global times has become the fashion TV of China...
Tue Jul 14 10:21:32 CEST 2020;Dr. Kafeel khan is a man of dedication, being a doctor he stepped as high for doing social work regardless of religion, but for humanity.He is jailed bcs he stood against the black bill #CAA #NRC and fascist government#FreeDrKafeel
Tue Jul 14 10:21:32 CEST 2020;Yes he is. Was killed in 2014https://twitter.com/TAIWOadeleke16/status/1282950550695432197 â€¦
Tue Jul 14 10:21:32 CEST 2020;guys theres no reason to be genuinely mean in her replies
Tue Jul 14 10:21:32 CEST 2020;Sorry guys, I just didn't load my trailer correctly. I forgot to tie down the paint pots....
Tue Jul 14 10:21:32 CEST 2020;Can't tell me she don't look like oj
Tue Jul 14 10:21:32 CEST 2020;Exactly
Tue Jul 14 10:21:32 CEST 2020;I took a ton of archives. and http://archive.org has weekly snapshots of the "one of a kind rug" category dating back to late 2018.Same vendors selling overpriced ones back then were the ones with the weird listings
Tue Jul 14 10:21:32 CEST 2020;// I didn't do it on purpose. It just got lost in my notifs
Tue Jul 14 10:21:32 CEST 2020;Dismantle by being nuetral. Ganun?
Tue Jul 14 10:21:32 CEST 2020;There's still a few good things left in the very dirt But still, like dust, Iâ€¦.
Tue Jul 14 10:21:32 CEST 2020;@caffeineminwon my pc arrived definitely will take a good care of them pic.twitter.com/E5BxfAD3eK
